group,variable,value
Afghanistan,1973,40.768
Afghanistan,1974,35.999
Afghanistan,1975,27.872
Afghanistan,1976,8.688
Afghanistan,1977,16.125
Afghanistan,1978,0.589
Afghanistan,1979,0.674
Afghanistan,1980,0.356
Afghanistan,1981,0.304
Afghanistan,1982,0.205
Afghanistan,1983,0.177
Afghanistan,1984,0.190
Afghanistan,1985,7.386
Afghanistan,1986,33.156
Afghanistan,1987,61.195
Afghanistan,1988,80.967
Afghanistan,1989,114.960
Afghanistan,1990,109.879
Afghanistan,1991,91.065
Afghanistan,1992,60.311
Afghanistan,1993,28.983
Afghanistan,1994,2.834
Afghanistan,1999,39.046
Afghanistan,2000,14.264
Afghanistan,2001,19.118
Afghanistan,2002,658.649
Afghanistan,2003,1124.796
Afghanistan,2004,1650.664
Afghanistan,2005,1973.239
Afghanistan,2006,1582.573
Afghanistan,2007,2390.445
Afghanistan,2008,3487.793
Afghanistan,2009,3222.518
Afghanistan,2010,3911.835
Afghanistan,2011,2503.754
Afghanistan,2012,3140.769
Afghanistan,2013,2356.889
Bangladesh,1973,389.208
Bangladesh,1974,472.447
Bangladesh,1975,1030.154
Bangladesh,1976,649.099
Bangladesh,1977,241.184
Bangladesh,1978,230.310
Bangladesh,1979,222.310
Bangladesh,1980,418.608
Bangladesh,1981,351.240
Bangladesh,1982,413.537
Bangladesh,1983,385.139
Bangladesh,1984,361.393
Bangladesh,1985,321.493
Bangladesh,1986,233.679
Bangladesh,1987,351.241
Bangladesh,1988,275.581
Bangladesh,1989,243.161
Bangladesh,1990,395.591
Bangladesh,1991,136.012
Bangladesh,1992,102.738
Bangladesh,1993,68.476
Bangladesh,1994,132.021
Bangladesh,1995,29.331
Bangladesh,1996,17.632
Bangladesh,1997,693.414
Bangladesh,1998,196.769
Bangladesh,1999,365.769
Bangladesh,2000,82.132
Bangladesh,2001,197.631
Bangladesh,2002,131.953
Bangladesh,2003,120.113
Bangladesh,2004,101.703
Bangladesh,2005,88.915
Bangladesh,2006,80.899
Bangladesh,2007,94.022
Bangladesh,2008,181.537
Bangladesh,2009,157.372
Bangladesh,2010,212.459
Bangladesh,2011,211.004
Bangladesh,2012,239.306
Bangladesh,2013,195.329
Benin,1973,0.786
Benin,1974,56.339
Benin,1980,5.009
Benin,1981,13.883
Benin,1982,1.002
Benin,1983,0.708
Benin,1984,3.964
Benin,1985,0.203
Benin,1986,1.387
Benin,1987,1.750
Benin,1988,0.533
Benin,1989,5.455
Benin,1990,5.644
Benin,1991,35.204
Benin,1992,13.643
Benin,1993,23.779
Benin,1994,28.472
Benin,1995,20.604
Benin,1996,13.870
Benin,1997,17.349
Benin,1998,18.490
Benin,1999,25.201
Benin,2000,26.519
Benin,2001,26.383
Benin,2002,33.794
Benin,2003,34.607
Benin,2004,31.593
Benin,2005,25.471
Benin,2006,356.717
Benin,2007,20.516
Benin,2008,84.265
Benin,2009,65.951
Benin,2010,68.401
Benin,2011,66.433
Benin,2012,41.252
Benin,2013,36.456
Bolivia,1973,109.786
Bolivia,1974,157.556
Bolivia,1975,43.098
Bolivia,1976,28.077
Bolivia,1977,94.978
Bolivia,1978,107.467
Bolivia,1979,123.097
Bolivia,1980,41.924
Bolivia,1981,23.281
Bolivia,1982,36.789
Bolivia,1983,154.470
Bolivia,1984,106.799
Bolivia,1985,86.036
Bolivia,1986,154.684
Bolivia,1987,128.359
Bolivia,1988,145.082
Bolivia,1989,115.940
Bolivia,1990,162.978
Bolivia,1991,370.057
Bolivia,1992,188.941
Bolivia,1993,134.303
Bolivia,1994,82.716
Bolivia,1995,84.818
Bolivia,1996,287.373
Bolivia,1997,83.126
Bolivia,1998,81.957
Bolivia,1999,253.967
Bolivia,2000,313.149
Bolivia,2001,138.310
Bolivia,2002,225.515
Bolivia,2003,311.143
Bolivia,2004,205.081
Bolivia,2005,185.285
Bolivia,2006,242.242
Bolivia,2007,190.620
Bolivia,2008,126.110
Bolivia,2009,100.524
Bolivia,2010,90.071
Bolivia,2011,60.625
Bolivia,2012,32.721
Bolivia,2013,7.118
Brazil,1973,160.482
Brazil,1974,22.950
Brazil,1975,1.162
Brazil,1976,0.447
Brazil,1980,145.526
Brazil,1981,317.322
Brazil,1982,243.616
Brazil,1983,67.416
Brazil,1984,404.237
Brazil,1985,350.247
Brazil,1986,285.302
Brazil,1987,498.213
Brazil,1988,206.020
Brazil,1989,244.908
Brazil,1990,451.533
Brazil,1991,613.869
Brazil,1992,189.430
Brazil,1993,373.527
Brazil,1994,2402.557
Brazil,1995,525.710
Brazil,1996,1655.710
Brazil,1997,490.090
Brazil,1998,559.103
Brazil,1999,1127.247
Brazil,2000,761.719
Brazil,2001,886.585
Brazil,2002,42.059
Brazil,2003,52.492
Brazil,2004,110.719
Brazil,2005,62.311
Brazil,2006,44.195
Brazil,2007,21.625
Brazil,2008,39.384
Brazil,2009,55.529
Brazil,2010,31.087
Brazil,2011,33.063
Brazil,2012,21.105
Brazil,2013,49.847
Burundi,1973,1.351
Burundi,1974,1.294
Burundi,1979,3.575
Burundi,1980,59.516
Burundi,1981,8.248
Burundi,1982,13.048
Burundi,1983,13.376
Burundi,1984,15.934
Burundi,1985,6.675
Burundi,1986,6.338
Burundi,1987,3.081
Burundi,1988,8.800
Burundi,1989,2.007
Burundi,1990,31.059
Burundi,1991,18.889
Burundi,1992,21.218
Burundi,1993,24.332
Burundi,1994,6.385
Burundi,1995,6.946
Burundi,1996,1.532
Burundi,1997,3.554
Burundi,1998,0.106
Burundi,1999,3.058
Burundi,2000,16.956
Burundi,2001,23.402
Burundi,2002,31.611
Burundi,2003,53.591
Burundi,2004,62.054
Burundi,2005,66.933
Burundi,2006,51.165
Burundi,2007,36.596
Burundi,2008,49.221
Burundi,2009,65.158
Burundi,2010,53.107
Burundi,2011,52.407
Burundi,2012,43.836
Burundi,2013,40.789
Cambodia,1973,967.282
Cambodia,1974,523.596
Cambodia,1975,55.098
Cambodia,1976,0.160
Cambodia,1977,0.240
Cambodia,1978,0.224
Cambodia,1979,0.207
Cambodia,1980,0.190
Cambodia,1981,0.087
Cambodia,1982,0.164
Cambodia,1983,0.177
Cambodia,1984,0.247
Cambodia,1985,0.055
Cambodia,1986,0.432
Cambodia,1987,0.070
Cambodia,1988,0.440
Cambodia,1989,8.414
Cambodia,1990,11.364
Cambodia,1991,38.120
Cambodia,1992,34.408
Cambodia,1993,46.379
Cambodia,1994,41.836
Cambodia,1995,49.342
Cambodia,1996,37.519
Cambodia,1997,46.923
Cambodia,1998,22.084
Cambodia,1999,22.713
Cambodia,2000,25.459
Cambodia,2001,35.673
Cambodia,2002,78.358
Cambodia,2003,76.427
Cambodia,2004,80.006
Cambodia,2005,102.811
Cambodia,2006,73.179
Cambodia,2007,78.107
Cambodia,2008,76.200
Cambodia,2009,79.325
Cambodia,2010,87.879
Cambodia,2011,80.591
Cambodia,2012,86.134
Cambodia,2013,77.706
Chile,1973,10.182
Chile,1974,191.456
Chile,1975,245.261
Chile,1976,106.368
Chile,1977,0.180
Chile,1979,23.210
Chile,1980,11.775
Chile,1981,20.892
Chile,1982,4.746
Chile,1983,19.345
Chile,1984,274.251
Chile,1985,607.272
Chile,1986,98.858
Chile,1987,14.794
Chile,1988,14.268
Chile,1989,55.339
Chile,1990,132.059
Chile,1991,303.596
Chile,1992,332.417
Chile,1993,45.613
Chile,1994,17.599
Chile,1995,234.507
Chile,1996,34.108
Chile,1997,64.351
Chile,1998,250.715
Chile,1999,234.657
Chile,2000,94.277
Chile,2001,193.733
Chile,2002,2.217
Chile,2003,2.454
Chile,2004,2.706
Chile,2005,2.826
Chile,2006,1.262
Chile,2007,1.282
Chile,2008,2.780
Chile,2009,6.258
Chile,2010,24.629
Chile,2011,1.576
Chile,2012,2.161
Chile,2013,4.702
Colombia,1973,417.532
Colombia,1974,137.845
Colombia,1975,53.598
Colombia,1976,32.198
Colombia,1980,56.027
Colombia,1981,100.849
Colombia,1982,1105.252
Colombia,1983,12.942
Colombia,1984,8.630
Colombia,1985,799.140
Colombia,1986,1.624
Colombia,1987,52.354
Colombia,1988,88.211
Colombia,1989,52.359
Colombia,1990,401.459
Colombia,1991,313.886
Colombia,1992,388.686
Colombia,1993,583.897
Colombia,1994,217.381
Colombia,1995,510.554
Colombia,1996,629.411
Colombia,1997,0.064
Colombia,1998,311.970
Colombia,1999,469.529
Colombia,2000,1772.089
Colombia,2001,322.188
Colombia,2002,657.266
Colombia,2003,790.756
Colombia,2004,768.501
Colombia,2005,834.364
Colombia,2006,1382.621
Colombia,2007,439.082
Colombia,2008,874.301
Colombia,2009,852.687
Colombia,2010,673.872
Colombia,2011,267.022
Colombia,2012,405.721
Colombia,2013,318.373
"Congo, Republic of",1974,2.736
"Congo, Republic of",1981,4.341
"Congo, Republic of",1982,5.933
"Congo, Republic of",1983,1.968
"Congo, Republic of",1984,1.897
"Congo, Republic of",1985,1.915
"Congo, Republic of",1986,0.946
"Congo, Republic of",1987,0.875
"Congo, Republic of",1988,0.863
"Congo, Republic of",1989,0.815
"Congo, Republic of",1990,3.768
"Congo, Republic of",1991,4.076
"Congo, Republic of",1992,10.916
"Congo, Republic of",1993,1.014
"Congo, Republic of",1994,9.509
"Congo, Republic of",1995,16.267
"Congo, Republic of",1996,10.915
"Congo, Republic of",1998,0.013
"Congo, Republic of",2000,11.339
"Congo, Republic of",2001,11.616
"Congo, Republic of",2002,10.181
"Congo, Republic of",2003,6.661
"Congo, Republic of",2004,1.272
"Congo, Republic of",2005,26.637
"Congo, Republic of",2006,15.256
"Congo, Republic of",2007,12.737
"Congo, Republic of",2008,3.047
"Congo, Republic of",2009,11.636
"Congo, Republic of",2010,28.265
"Congo, Republic of",2011,4.276
"Congo, Republic of",2012,12.259
"Congo, Republic of",2013,3.530
Costa Rica,1973,3.464
Costa Rica,1974,31.164
Costa Rica,1975,20.265
Costa Rica,1977,16.515
Costa Rica,1978,15.433
Costa Rica,1979,45.462
Costa Rica,1980,40.214
Costa Rica,1981,39.981
Costa Rica,1982,272.283
Costa Rica,1983,317.803
Costa Rica,1984,352.246
Costa Rica,1985,358.474
Costa Rica,1986,283.034
Costa Rica,1987,317.869
Costa Rica,1988,216.112
Costa Rica,1989,237.866
Costa Rica,1990,76.355
Costa Rica,1991,84.740
Costa Rica,1992,70.690
Costa Rica,1993,8.652
Costa Rica,1994,12.288
Costa Rica,1995,66.467
Costa Rica,1996,90.146
Costa Rica,1998,0.437
Costa Rica,1999,0.770
Costa Rica,2000,5.336
Costa Rica,2001,3.587
Costa Rica,2002,6.533
Costa Rica,2003,4.609
Costa Rica,2004,5.342
Costa Rica,2005,14.194
Costa Rica,2006,27.900
Costa Rica,2007,8.373
Costa Rica,2008,25.473
Costa Rica,2009,18.038
Costa Rica,2010,10.970
Costa Rica,2011,7.427
Costa Rica,2012,8.391
Costa Rica,2013,7.825
Dominican Republic,1973,57.409
Dominican Republic,1974,59.888
Dominican Republic,1975,16.922
Dominican Republic,1976,47.913
Dominican Republic,1977,7.417
Dominican Republic,1978,60.327
Dominican Republic,1979,79.422
Dominican Republic,1980,112.829
Dominican Republic,1981,270.652
Dominican Republic,1982,218.569
Dominican Republic,1983,186.405
Dominican Republic,1984,187.148
Dominican Republic,1985,319.295
Dominican Republic,1986,272.764
Dominican Republic,1987,97.016
Dominican Republic,1988,126.666
Dominican Republic,1989,175.230
Dominican Republic,1990,52.905
Dominican Republic,1991,80.042
Dominican Republic,1992,26.129
Dominican Republic,1993,28.269
Dominican Republic,1994,15.216
Dominican Republic,1995,12.832
Dominican Republic,1996,7.788
Dominican Republic,1997,14.791
Dominican Republic,1998,18.840
Dominican Republic,1999,103.513
Dominican Republic,2000,102.419
Dominican Republic,2001,86.940
Dominican Republic,2002,872.563
Dominican Republic,2003,43.312
Dominican Republic,2004,45.565
Dominican Republic,2005,34.636
Dominican Republic,2006,55.506
Dominican Republic,2007,75.595
Dominican Republic,2008,47.465
Dominican Republic,2009,65.088
Dominican Republic,2010,84.119
Dominican Republic,2011,50.499
Dominican Republic,2012,58.326
Dominican Republic,2013,45.428
Ecuador,1973,9.682
Ecuador,1974,12.125
Ecuador,1979,2.590
Ecuador,1980,27.752
Ecuador,1981,26.641
Ecuador,1982,39.315
Ecuador,1983,51.044
Ecuador,1984,77.491
Ecuador,1985,96.777
Ecuador,1986,101.318
Ecuador,1987,96.046
Ecuador,1988,49.200
Ecuador,1989,57.090
Ecuador,1990,32.013
Ecuador,1991,25.583
Ecuador,1992,42.724
Ecuador,1993,23.339
Ecuador,1994,14.465
Ecuador,1995,17.215
Ecuador,1996,239.871
Ecuador,1997,14.736
Ecuador,1998,22.779
Ecuador,1999,37.031
Ecuador,2000,111.596
Ecuador,2001,77.506
Ecuador,2002,127.362
Ecuador,2003,101.354
Ecuador,2004,159.218
Ecuador,2005,96.340
Ecuador,2006,82.167
Ecuador,2007,68.281
Ecuador,2008,51.153
Ecuador,2009,43.765
Ecuador,2010,44.416
Ecuador,2011,46.012
Ecuador,2012,24.566
Ecuador,2013,38.472
Egypt,1973,3.415
Egypt,1974,236.889
Egypt,1975,1488.386
Egypt,1976,2311.119
Egypt,1977,2459.017
Egypt,1978,2353.885
Egypt,1979,1357.562
Egypt,1980,2827.605
Egypt,1981,2580.824
Egypt,1982,2399.195
Egypt,1983,1758.356
Egypt,1984,2962.098
Egypt,1985,2624.896
Egypt,1986,2303.524
Egypt,1987,1587.171
Egypt,1988,1706.707
Egypt,1989,1507.536
Egypt,1990,1726.106
Egypt,1991,8936.804
Egypt,1992,1391.522
Egypt,1993,1090.527
Egypt,1994,868.081
Egypt,1995,1357.915
Egypt,1996,1116.560
Egypt,1997,907.273
Egypt,1998,1104.279
Egypt,1999,1014.925
Egypt,2000,1245.771
Egypt,2001,1161.445
Egypt,2002,1059.826
Egypt,2003,507.306
Egypt,2004,776.096
Egypt,2005,335.393
Egypt,2006,769.159
Egypt,2007,730.752
Egypt,2008,454.219
Egypt,2009,255.787
Egypt,2010,349.663
Egypt,2011,159.706
Egypt,2012,100.326
Egypt,2013,395.535
El Salvador,1973,30.344
El Salvador,1974,4.769
El Salvador,1978,15.853
El Salvador,1979,14.973
El Salvador,1980,105.082
El Salvador,1981,257.723
El Salvador,1982,406.499
El Salvador,1983,480.207
El Salvador,1984,436.196
El Salvador,1985,787.446
El Salvador,1986,480.538
El Salvador,1987,801.796
El Salvador,1988,583.335
El Salvador,1989,433.695
El Salvador,1990,444.278
El Salvador,1991,329.368
El Salvador,1992,394.179
El Salvador,1993,340.380
El Salvador,1994,95.944
El Salvador,1995,202.447
El Salvador,1996,387.080
El Salvador,1997,62.858
El Salvador,1998,79.381
El Salvador,1999,107.331
El Salvador,2000,52.875
El Salvador,2001,136.082
El Salvador,2002,168.403
El Salvador,2003,66.485
El Salvador,2004,68.988
El Salvador,2005,58.617
El Salvador,2006,54.467
El Salvador,2007,505.808
El Salvador,2008,193.535
El Salvador,2009,132.790
El Salvador,2010,120.761
El Salvador,2011,99.507
El Salvador,2012,46.363
El Salvador,2013,63.254
Ethiopia,1973,3.649
Ethiopia,1974,106.689
Ethiopia,1975,24.318
Ethiopia,1976,10.924
Ethiopia,1977,0.180
Ethiopia,1978,0.168
Ethiopia,1979,17.123
Ethiopia,1980,22.600
Ethiopia,1981,7.358
Ethiopia,1982,5.073
Ethiopia,1983,5.156
Ethiopia,1984,215.255
Ethiopia,1985,88.090
Ethiopia,1986,158.843
Ethiopia,1987,19.254
Ethiopia,1988,71.191
Ethiopia,1989,43.554
Ethiopia,1990,148.778
Ethiopia,1991,74.284
Ethiopia,1992,65.525
Ethiopia,1993,46.750
Ethiopia,1994,46.007
Ethiopia,1995,100.102
Ethiopia,1996,46.542
Ethiopia,1997,69.140
Ethiopia,1998,52.249
Ethiopia,1999,175.886
Ethiopia,2000,231.367
Ethiopia,2001,137.007
Ethiopia,2002,199.316
Ethiopia,2003,743.502
Ethiopia,2004,505.040
Ethiopia,2005,768.772
Ethiopia,2006,342.800
Ethiopia,2007,521.379
Ethiopia,2008,1049.140
Ethiopia,2009,953.799
Ethiopia,2010,1003.489
Ethiopia,2011,608.289
Ethiopia,2012,852.389
Ethiopia,2013,642.414
Gambia,1973,2.597
Gambia,1974,4.843
Gambia,1979,1.813
Gambia,1980,12.273
Gambia,1981,12.698
Gambia,1982,4.130
Gambia,1983,8.559
Gambia,1984,14.599
Gambia,1985,10.862
Gambia,1986,11.816
Gambia,1987,21.878
Gambia,1988,13.764
Gambia,1989,9.229
Gambia,1990,10.669
Gambia,1991,23.851
Gambia,1992,11.657
Gambia,1993,11.014
Gambia,1994,9.581
Gambia,1995,2.163
Gambia,1996,0.457
Gambia,1999,4.103
Gambia,2000,4.918
Gambia,2001,1.793
Gambia,2002,2.889
Gambia,2003,5.194
Gambia,2004,3.441
Gambia,2005,2.530
Gambia,2006,5.216
Gambia,2007,1.808
Gambia,2008,12.821
Gambia,2009,5.590
Gambia,2010,7.384
Gambia,2011,2.869
Gambia,2012,2.981
Gambia,2013,2.102
Ghana,1973,80.257
Ghana,1974,7.541
Ghana,1975,0.405
Ghana,1976,31.942
Ghana,1977,0.781
Ghana,1978,0.421
Ghana,1979,35.126
Ghana,1980,58.139
Ghana,1981,57.116
Ghana,1982,27.777
Ghana,1983,9.663
Ghana,1984,46.014
Ghana,1985,28.885
Ghana,1986,29.305
Ghana,1987,38.420
Ghana,1988,58.504
Ghana,1989,58.087
Ghana,1990,52.565
Ghana,1991,57.560
Ghana,1992,45.296
Ghana,1993,135.488
Ghana,1994,47.029
Ghana,1995,132.324
Ghana,1996,621.034
Ghana,1997,96.527
Ghana,1998,32.676
Ghana,1999,300.494
Ghana,2000,84.743
Ghana,2001,84.133
Ghana,2002,71.652
Ghana,2003,95.619
Ghana,2004,84.767
Ghana,2005,86.368
Ghana,2006,138.875
Ghana,2007,593.886
Ghana,2008,218.678
Ghana,2009,175.995
Ghana,2010,249.050
Ghana,2011,180.245
Ghana,2012,195.827
Ghana,2013,131.874
Guatemala,1973,30.267
Guatemala,1974,4.288
Guatemala,1975,67.551
Guatemala,1976,25.554
Guatemala,1977,25.824
Guatemala,1978,19.641
Guatemala,1979,36.085
Guatemala,1980,21.176
Guatemala,1981,33.787
Guatemala,1982,25.691
Guatemala,1983,64.177
Guatemala,1984,81.790
Guatemala,1985,117.433
Guatemala,1986,195.018
Guatemala,1987,326.328
Guatemala,1988,261.040
Guatemala,1989,203.804
Guatemala,1990,193.100
Guatemala,1991,153.176
Guatemala,1992,228.149
Guatemala,1993,87.529
Guatemala,1994,59.292
Guatemala,1995,261.881
Guatemala,1996,303.900
Guatemala,1997,310.027
Guatemala,1998,108.146
Guatemala,1999,297.321
Guatemala,2000,153.863
Guatemala,2001,91.803
Guatemala,2002,106.525
Guatemala,2003,97.113
Guatemala,2004,81.096
Guatemala,2005,161.796
Guatemala,2006,109.843
Guatemala,2007,84.015
Guatemala,2008,110.628
Guatemala,2009,141.836
Guatemala,2010,157.701
Guatemala,2011,143.578
Guatemala,2012,131.562
Guatemala,2013,127.994
Guinea,1973,19.723
Guinea,1974,21.109
Guinea,1975,29.135
Guinea,1976,23.989
Guinea,1977,17.716
Guinea,1979,14.765
Guinea,1980,40.011
Guinea,1981,20.512
Guinea,1982,187.907
Guinea,1983,22.139
Guinea,1984,12.139
Guinea,1985,17.546
Guinea,1986,41.634
Guinea,1987,26.141
Guinea,1988,43.515
Guinea,1989,31.235
Guinea,1990,20.803
Guinea,1991,43.597
Guinea,1992,50.257
Guinea,1993,33.099
Guinea,1994,28.595
Guinea,1995,33.172
Guinea,1996,14.612
Guinea,1997,75.595
Guinea,1998,20.370
Guinea,1999,33.721
Guinea,2000,37.193
Guinea,2001,33.915
Guinea,2002,63.219
Guinea,2003,56.035
Guinea,2004,58.790
Guinea,2005,49.816
Guinea,2006,38.099
Guinea,2007,34.775
Guinea,2008,48.349
Guinea,2009,30.121
Guinea,2010,24.897
Guinea,2011,37.914
Guinea,2012,30.155
Guinea,2013,35.367
Guyana,1973,0.867
Guyana,1974,0.111
Guyana,1975,9.457
Guyana,1977,18.617
Guyana,1978,68.324
Guyana,1979,13.185
Guyana,1980,7.977
Guyana,1981,5.578
Guyana,1982,3.740
Guyana,1983,0.543
Guyana,1985,0.147
Guyana,1986,5.836
Guyana,1987,20.220
Guyana,1988,20.408
Guyana,1989,51.822
Guyana,1990,37.504
Guyana,1991,84.572
Guyana,1992,64.192
Guyana,1993,5.365
Guyana,1994,3.632
Guyana,1995,18.982
Guyana,1996,15.278
Guyana,1997,10.438
Guyana,1998,3.789
Guyana,1999,21.343
Guyana,2000,12.999
Guyana,2001,20.864
Guyana,2002,19.139
Guyana,2003,11.562
Guyana,2004,25.684
Guyana,2005,25.748
Guyana,2006,22.500
Guyana,2007,35.518
Guyana,2008,27.450
Guyana,2009,22.303
Guyana,2010,18.605
Guyana,2011,20.081
Guyana,2012,10.469
Guyana,2013,10.647
Haiti,1973,19.852
Haiti,1974,29.500
Haiti,1975,7.701
Haiti,1976,80.814
Haiti,1977,10.690
Haiti,1978,29.462
Haiti,1979,36.706
Haiti,1980,53.327
Haiti,1981,70.709
Haiti,1982,89.169
Haiti,1983,98.483
Haiti,1984,104.453
Haiti,1985,113.793
Haiti,1986,150.819
Haiti,1987,178.132
Haiti,1988,75.153
Haiti,1989,92.400
Haiti,1990,101.269
Haiti,1991,97.374
Haiti,1992,47.513
Haiti,1993,98.206
Haiti,1994,89.219
Haiti,1995,277.498
Haiti,1996,106.188
Haiti,1997,171.948
Haiti,1998,104.769
Haiti,1999,151.868
Haiti,2000,105.299
Haiti,2001,96.582
Haiti,2002,71.265
Haiti,2003,94.687
Haiti,2004,180.315
Haiti,2005,202.855
Haiti,2006,259.527
Haiti,2007,217.532
Haiti,2008,318.059
Haiti,2009,389.492
Haiti,2010,1473.335
Haiti,2011,1218.123
Haiti,2012,540.307
Haiti,2013,416.790
Honduras,1973,3.698
Honduras,1974,156.336
Honduras,1975,18.033
Honduras,1976,67.366
Honduras,1977,0.390
Honduras,1978,28.059
Honduras,1979,51.472
Honduras,1980,221.111
Honduras,1981,84.043
Honduras,1982,185.485
Honduras,1983,203.832
Honduras,1984,172.236
Honduras,1985,399.150
Honduras,1986,227.001
Honduras,1987,359.687
Honduras,1988,268.277
Honduras,1989,126.499
Honduras,1990,303.354
Honduras,1991,169.303
Honduras,1992,96.615
Honduras,1993,47.440
Honduras,1994,29.895
Honduras,1995,19.831
Honduras,1996,22.743
Honduras,1997,30.111
Honduras,1998,46.638
Honduras,1999,522.077
Honduras,2000,80.280
Honduras,2001,81.189
Honduras,2002,72.066
Honduras,2003,78.116
Honduras,2004,115.478
Honduras,2005,332.209
Honduras,2006,144.128
Honduras,2007,138.430
Honduras,2008,66.689
Honduras,2009,61.298
Honduras,2010,108.025
Honduras,2011,80.916
Honduras,2012,91.394
Honduras,2013,84.597
India,1973,258.800
India,1974,372.006
India,1975,562.700
India,1976,251.865
India,1977,74.169
India,1978,236.848
India,1979,549.843
India,1980,827.536
India,1981,679.013
India,1982,439.453
India,1983,389.583
India,1984,486.385
India,1985,291.952
India,1986,426.997
India,1987,358.190
India,1988,393.514
India,1989,326.678
India,1990,229.537
India,1991,303.064
India,1992,1161.174
India,1993,461.426
India,1994,1843.572
India,1995,420.193
India,1996,624.683
India,1997,509.374
India,1998,531.598
India,1999,604.660
India,2000,235.160
India,2001,633.063
India,2002,269.641
India,2003,214.162
India,2004,197.002
India,2005,221.037
India,2006,185.984
India,2007,169.040
India,2008,156.963
India,2009,142.333
India,2010,145.177
India,2011,146.941
India,2012,118.256
India,2013,80.265
Indonesia,1973,498.491
Indonesia,1974,195.744
Indonesia,1975,294.742
Indonesia,1976,487.056
Indonesia,1977,525.638
Indonesia,1978,466.737
Indonesia,1979,386.750
Indonesia,1980,807.547
Indonesia,1981,176.104
Indonesia,1982,1052.056
Indonesia,1983,632.881
Indonesia,1984,509.228
Indonesia,1985,289.458
Indonesia,1986,216.755
Indonesia,1987,473.571
Indonesia,1988,398.371
Indonesia,1989,309.387
Indonesia,1990,396.249
Indonesia,1991,765.189
Indonesia,1992,291.228
Indonesia,1993,1012.162
Indonesia,1994,627.656
Indonesia,1995,1628.062
Indonesia,1996,2044.512
Indonesia,1997,864.248
Indonesia,1998,123.001
Indonesia,1999,728.961
Indonesia,2000,309.988
Indonesia,2001,399.551
Indonesia,2002,478.831
Indonesia,2003,224.955
Indonesia,2004,182.717
Indonesia,2005,679.311
Indonesia,2006,401.632
Indonesia,2007,255.112
Indonesia,2008,194.009
Indonesia,2009,214.881
Indonesia,2010,295.223
Indonesia,2011,218.716
Indonesia,2012,202.768
Indonesia,2013,711.840
Jamaica,1973,26.561
Jamaica,1974,37.337
Jamaica,1975,4.813
Jamaica,1976,7.602
Jamaica,1977,109.902
Jamaica,1978,25.534
Jamaica,1979,33.520
Jamaica,1980,35.301
Jamaica,1981,349.959
Jamaica,1982,268.369
Jamaica,1983,213.398
Jamaica,1984,372.452
Jamaica,1985,141.892
Jamaica,1986,226.127
Jamaica,1987,179.001
Jamaica,1988,111.869
Jamaica,1989,265.007
Jamaica,1990,279.024
Jamaica,1991,185.781
Jamaica,1992,201.820
Jamaica,1993,27.498
Jamaica,1994,176.174
Jamaica,1995,166.584
Jamaica,1996,71.077
Jamaica,1997,87.117
Jamaica,1998,104.141
Jamaica,1999,30.887
Jamaica,2000,79.116
Jamaica,2001,31.006
Jamaica,2002,25.687
Jamaica,2003,27.527
Jamaica,2004,43.640
Jamaica,2005,38.960
Jamaica,2006,34.252
Jamaica,2007,34.194
Jamaica,2008,23.473
Jamaica,2009,26.056
Jamaica,2010,34.325
Jamaica,2011,23.523
Jamaica,2012,15.068
Jamaica,2013,19.738
Jordan,1973,275.514
Jordan,1974,104.371
Jordan,1975,96.416
Jordan,1976,115.631
Jordan,1977,76.061
Jordan,1978,152.586
Jordan,1979,169.077
Jordan,1980,835.020
Jordan,1981,23.110
Jordan,1982,35.574
Jordan,1983,53.371
Jordan,1984,149.193
Jordan,1985,184.221
Jordan,1986,191.972
Jordan,1987,231.399
Jordan,1988,172.161
Jordan,1989,45.971
Jordan,1990,115.964
Jordan,1991,111.524
Jordan,1992,32.512
Jordan,1993,137.718
Jordan,1994,61.028
Jordan,1995,58.671
Jordan,1996,30.286
Jordan,1997,197.504
Jordan,1998,209.467
Jordan,1999,365.312
Jordan,2000,347.351
Jordan,2001,276.667
Jordan,2002,450.278
Jordan,2003,1160.931
Jordan,2004,447.627
Jordan,2005,489.518
Jordan,2006,375.922
Jordan,2007,326.257
Jordan,2008,537.361
Jordan,2009,833.014
Jordan,2010,431.101
Jordan,2011,814.657
Jordan,2012,794.628
Jordan,2013,701.309
Kenya,1973,41.973
Kenya,1974,37.190
Kenya,1975,45.597
Kenya,1977,71.917
Kenya,1978,56.680
Kenya,1979,12.020
Kenya,1980,141.126
Kenya,1981,80.934
Kenya,1982,144.251
Kenya,1983,155.182
Kenya,1984,153.367
Kenya,1985,89.579
Kenya,1986,124.309
Kenya,1987,79.576
Kenya,1988,133.877
Kenya,1989,94.046
Kenya,1990,151.070
Kenya,1991,41.196
Kenya,1992,42.283
Kenya,1993,28.924
Kenya,1994,28.014
Kenya,1995,20.369
Kenya,1996,15.735
Kenya,1997,92.513
Kenya,1998,59.454
Kenya,1999,136.507
Kenya,2000,66.397
Kenya,2001,80.905
Kenya,2002,124.398
Kenya,2003,147.913
Kenya,2004,221.203
Kenya,2005,263.787
Kenya,2006,415.156
Kenya,2007,562.562
Kenya,2008,755.578
Kenya,2009,921.700
Kenya,2010,800.565
Kenya,2011,988.482
Kenya,2012,738.466
Kenya,2013,789.776
Lebanon,1973,4.565
Lebanon,1974,21.515
Lebanon,1977,20.539
Lebanon,1978,21.634
Lebanon,1979,7.642
Lebanon,1980,0.451
Lebanon,1981,4.491
Lebanon,1982,19.189
Lebanon,1983,108.565
Lebanon,1984,47.231
Lebanon,1985,37.430
Lebanon,1986,28.640
Lebanon,1987,41.508
Lebanon,1988,19.092
Lebanon,1989,27.780
Lebanon,1990,36.653
Lebanon,1991,38.065
Lebanon,1992,13.553
Lebanon,1993,14.928
Lebanon,1994,2.356
Lebanon,1995,18.501
Lebanon,1996,3.674
Lebanon,1997,14.538
Lebanon,1998,28.811
Lebanon,1999,29.766
Lebanon,2000,44.610
Lebanon,2001,94.151
Lebanon,2002,62.893
Lebanon,2003,49.695
Lebanon,2004,40.394
Lebanon,2005,50.855
Lebanon,2006,170.296
Lebanon,2007,254.635
Lebanon,2008,141.771
Lebanon,2009,153.732
Lebanon,2010,146.093
Lebanon,2011,113.178
Lebanon,2012,140.408
Lebanon,2013,295.566
Liberia,1973,53.821
Liberia,1974,2.329
Liberia,1975,30.398
Liberia,1977,35.433
Liberia,1980,42.701
Liberia,1981,115.385
Liberia,1982,162.804
Liberia,1983,117.683
Liberia,1984,95.661
Liberia,1985,129.392
Liberia,1986,95.326
Liberia,1987,64.162
Liberia,1988,45.649
Liberia,1989,47.403
Liberia,1990,6.657
Liberia,1991,39.212
Liberia,1992,1.926
Liberia,1994,5.246
Liberia,1996,3.070
Liberia,1997,19.033
Liberia,1998,16.784
Liberia,1999,34.740
Liberia,2000,13.411
Liberia,2001,12.386
Liberia,2002,18.675
Liberia,2003,48.128
Liberia,2004,174.227
Liberia,2005,103.082
Liberia,2006,138.526
Liberia,2007,238.151
Liberia,2008,327.112
Liberia,2009,326.252
Liberia,2010,242.977
Liberia,2011,236.253
Liberia,2012,247.552
Liberia,2013,207.286
"Macedonia, FYR",1994,17.031
"Macedonia, FYR",1995,18.787
"Macedonia, FYR",1998,21.591
"Macedonia, FYR",1999,99.122
"Macedonia, FYR",2000,91.449
"Macedonia, FYR",2001,48.445
"Macedonia, FYR",2002,86.258
"Macedonia, FYR",2003,71.525
"Macedonia, FYR",2004,49.023
"Macedonia, FYR",2005,46.734
"Macedonia, FYR",2006,43.149
"Macedonia, FYR",2007,28.986
"Macedonia, FYR",2008,25.676
"Macedonia, FYR",2009,27.297
"Macedonia, FYR",2010,30.844
"Macedonia, FYR",2011,29.866
"Macedonia, FYR",2012,19.620
"Macedonia, FYR",2013,24.622
Madagascar,1973,5.706
Madagascar,1974,12.236
Madagascar,1979,5.388
Madagascar,1981,19.861
Madagascar,1982,30.752
Madagascar,1983,12.142
Madagascar,1984,49.048
Madagascar,1985,208.931
Madagascar,1986,19.153
Madagascar,1987,41.371
Madagascar,1988,43.778
Madagascar,1989,28.688
Madagascar,1990,29.517
Madagascar,1991,21.205
Madagascar,1992,57.174
Madagascar,1993,51.445
Madagascar,1994,51.932
Madagascar,1995,35.109
Madagascar,1996,20.324
Madagascar,1997,18.084
Madagascar,1998,23.564
Madagascar,1999,31.816
Madagascar,2000,35.878
Madagascar,2001,37.743
Madagascar,2002,39.783
Madagascar,2003,49.505
Madagascar,2004,50.466
Madagascar,2005,214.366
Madagascar,2006,57.345
Madagascar,2007,66.152
Madagascar,2008,123.684
Madagascar,2009,53.305
Madagascar,2010,83.240
Madagascar,2011,72.391
Madagascar,2012,75.325
Madagascar,2013,49.990
Malawi,1973,34.356
Malawi,1974,50.017
Malawi,1980,18.750
Malawi,1981,13.826
Malawi,1982,15.795
Malawi,1983,13.949
Malawi,1984,14.472
Malawi,1985,46.598
Malawi,1986,44.353
Malawi,1987,20.162
Malawi,1988,54.599
Malawi,1989,47.941
Malawi,1990,34.901
Malawi,1991,95.060
Malawi,1992,25.666
Malawi,1993,21.737
Malawi,1994,49.662
Malawi,1995,46.348
Malawi,1996,40.055
Malawi,1997,47.644
Malawi,1998,45.868
Malawi,1999,45.432
Malawi,2000,56.214
Malawi,2001,42.605
Malawi,2002,69.946
Malawi,2003,51.362
Malawi,2004,56.051
Malawi,2005,95.031
Malawi,2006,73.240
Malawi,2007,108.433
Malawi,2008,104.322
Malawi,2009,135.237
Malawi,2010,201.088
Malawi,2011,216.228
Malawi,2012,163.719
Malawi,2013,523.369
Mali,1973,50.752
Mali,1974,58.853
Mali,1980,30.463
Mali,1981,29.411
Mali,1982,19.662
Mali,1983,24.485
Mali,1984,55.421
Mali,1985,61.429
Mali,1986,24.604
Mali,1987,14.615
Mali,1988,36.391
Mali,1989,41.092
Mali,1990,30.084
Mali,1991,58.886
Mali,1992,44.761
Mali,1993,44.279
Mali,1994,48.544
Mali,1995,38.625
Mali,1996,37.672
Mali,1997,41.665
Mali,1998,43.877
Mali,1999,53.719
Mali,2000,55.021
Mali,2001,48.653
Mali,2002,50.964
Mali,2003,57.318
Mali,2004,60.958
Mali,2005,54.435
Mali,2006,59.760
Mali,2007,521.085
Mali,2008,251.232
Mali,2009,106.924
Mali,2010,156.964
Mali,2011,157.212
Mali,2012,112.155
Mali,2013,181.333
"Micronesia, Federated States of",1992,40.534
"Micronesia, Federated States of",1993,1.067
"Micronesia, Federated States of",1994,0.965
"Micronesia, Federated States of",1999,118.030
"Micronesia, Federated States of",2000,103.443
"Micronesia, Federated States of",2001,102.207
"Micronesia, Federated States of",2002,121.618
"Micronesia, Federated States of",2003,119.802
"Micronesia, Federated States of",2004,90.849
"Micronesia, Federated States of",2005,106.953
"Micronesia, Federated States of",2006,109.277
"Micronesia, Federated States of",2007,106.555
"Micronesia, Federated States of",2008,83.639
"Micronesia, Federated States of",2009,111.730
"Micronesia, Federated States of",2010,110.307
"Micronesia, Federated States of",2011,134.677
"Micronesia, Federated States of",2012,109.541
"Micronesia, Federated States of",2013,106.860
Morocco,1973,107.742
Morocco,1974,62.549
Morocco,1975,27.020
Morocco,1976,79.345
Morocco,1977,24.022
Morocco,1978,24.692
Morocco,1979,54.269
Morocco,1980,77.380
Morocco,1981,236.523
Morocco,1982,167.775
Morocco,1983,93.361
Morocco,1984,190.920
Morocco,1985,171.550
Morocco,1986,394.229
Morocco,1987,158.189
Morocco,1988,267.158
Morocco,1989,86.082
Morocco,1990,344.445
Morocco,1991,278.705
Morocco,1992,244.019
Morocco,1993,182.735
Morocco,1994,121.092
Morocco,1995,94.084
Morocco,1996,564.497
Morocco,1997,382.587
Morocco,1998,112.981
Morocco,1999,89.897
Morocco,2000,177.638
Morocco,2001,19.806
Morocco,2002,66.463
Morocco,2003,25.738
Morocco,2004,24.117
Morocco,2005,36.240
Morocco,2006,34.069
Morocco,2007,57.852
Morocco,2008,638.972
Morocco,2009,231.083
Morocco,2010,43.776
Morocco,2011,95.081
Morocco,2012,71.532
Morocco,2013,49.141
Nepal,1973,47.461
Nepal,1974,4.880
Nepal,1980,25.288
Nepal,1981,29.965
Nepal,1982,31.736
Nepal,1983,27.118
Nepal,1984,27.191
Nepal,1985,32.434
Nepal,1986,31.230
Nepal,1987,143.494
Nepal,1988,21.305
Nepal,1989,25.012
Nepal,1990,25.111
Nepal,1991,39.948
Nepal,1992,23.696
Nepal,1993,30.315
Nepal,1994,23.846
Nepal,1995,19.855
Nepal,1996,80.001
Nepal,1997,22.487
Nepal,1998,36.655
Nepal,1999,23.970
Nepal,2000,23.985
Nepal,2001,40.861
Nepal,2002,59.919
Nepal,2003,57.258
Nepal,2004,55.835
Nepal,2005,62.894
Nepal,2006,63.542
Nepal,2007,82.271
Nepal,2008,110.544
Nepal,2009,82.167
Nepal,2010,74.451
Nepal,2011,96.192
Nepal,2012,118.795
Nepal,2013,96.072
Niger,1973,17.968
Niger,1974,75.155
Niger,1980,19.227
Niger,1981,33.568
Niger,1982,30.793
Niger,1983,41.327
Niger,1984,70.959
Niger,1985,62.556
Niger,1986,49.843
Niger,1987,37.729
Niger,1988,54.508
Niger,1989,34.382
Niger,1990,30.090
Niger,1991,43.336
Niger,1992,35.058
Niger,1993,21.375
Niger,1994,22.874
Niger,1995,16.621
Niger,1996,1.828
Niger,1997,4.129
Niger,1998,0.994
Niger,1999,3.574
Niger,2000,6.681
Niger,2001,10.936
Niger,2002,18.896
Niger,2003,18.954
Niger,2004,23.680
Niger,2005,36.490
Niger,2006,36.062
Niger,2007,40.506
Niger,2008,51.885
Niger,2009,45.328
Niger,2010,129.184
Niger,2011,78.351
Niger,2012,127.252
Niger,2013,51.663
Pakistan,1973,488.006
Pakistan,1974,257.572
Pakistan,1975,677.365
Pakistan,1976,1212.848
Pakistan,1977,296.435
Pakistan,1978,4.798
Pakistan,1979,101.026
Pakistan,1980,145.104
Pakistan,1981,351.984
Pakistan,1982,545.275
Pakistan,1983,758.682
Pakistan,1984,654.261
Pakistan,1985,805.248
Pakistan,1986,705.201
Pakistan,1987,670.818
Pakistan,1988,934.765
Pakistan,1989,537.920
Pakistan,1990,652.688
Pakistan,1991,410.615
Pakistan,1992,44.303
Pakistan,1993,57.967
Pakistan,1995,325.710
Pakistan,1996,672.696
Pakistan,1997,47.273
Pakistan,1998,13.257
Pakistan,1999,98.380
Pakistan,2000,142.068
Pakistan,2001,1062.081
Pakistan,2002,484.902
Pakistan,2003,1386.093
Pakistan,2004,202.839
Pakistan,2005,669.818
Pakistan,2006,553.271
Pakistan,2007,714.646
Pakistan,2008,610.748
Pakistan,2009,1401.522
Pakistan,2010,2229.026
Pakistan,2011,876.514
Pakistan,2012,980.397
Pakistan,2013,955.422
Panama,1973,2.202
Panama,1974,34.055
Panama,1975,72.523
Panama,1976,30.345
Panama,1977,36.634
Panama,1978,56.118
Panama,1979,44.167
Panama,1980,2.564
Panama,1981,89.028
Panama,1982,28.673
Panama,1983,16.112
Panama,1984,22.091
Panama,1985,136.189
Panama,1986,90.209
Panama,1987,14.677
Panama,1988,13.712
Panama,1990,619.393
Panama,1991,72.417
Panama,1992,47.691
Panama,1993,23.113
Panama,1994,22.911
Panama,1995,10.924
Panama,1996,89.002
Panama,1997,3.660
Panama,1998,4.605
Panama,1999,10.976
Panama,2000,151.795
Panama,2001,13.174
Panama,2002,164.035
Panama,2003,34.309
Panama,2004,25.678
Panama,2005,19.765
Panama,2006,31.189
Panama,2007,28.024
Panama,2008,16.004
Panama,2009,27.067
Panama,2010,32.923
Panama,2011,4.921
Panama,2012,7.954
Panama,2013,10.663
Peru,1973,16.888
Peru,1974,50.646
Peru,1975,60.796
Peru,1977,45.042
Peru,1978,148.153
Peru,1979,123.537
Peru,1980,165.037
Peru,1981,159.450
Peru,1982,284.534
Peru,1983,337.970
Peru,1984,274.767
Peru,1985,124.955
Peru,1986,110.284
Peru,1987,95.635
Peru,1988,153.122
Peru,1989,90.217
Peru,1990,127.418
Peru,1991,228.517
Peru,1992,35.054
Peru,1993,140.694
Peru,1994,98.134
Peru,1995,435.509
Peru,1996,1258.679
Peru,1997,372.172
Peru,1998,227.854
Peru,1999,304.268
Peru,2000,263.014
Peru,2001,216.872
Peru,2002,350.326
Peru,2003,270.713
Peru,2004,316.185
Peru,2005,198.953
Peru,2006,368.064
Peru,2007,172.090
Peru,2008,157.889
Peru,2009,157.914
Peru,2010,176.345
Peru,2011,116.429
Peru,2012,95.717
Peru,2013,313.846
Philippines,1973,169.490
Philippines,1974,314.340
Philippines,1975,94.619
Philippines,1976,131.091
Philippines,1977,93.116
Philippines,1978,130.587
Philippines,1979,169.750
Philippines,1980,283.050
Philippines,1981,360.264
Philippines,1982,295.034
Philippines,1983,610.680
Philippines,1984,407.661
Philippines,1985,518.191
Philippines,1986,703.743
Philippines,1987,920.742
Philippines,1988,359.012
Philippines,1989,622.482
Philippines,1990,712.238
Philippines,1991,737.271
Philippines,1992,638.778
Philippines,1993,630.737
Philippines,1994,1592.995
Philippines,1995,1272.650
Philippines,1996,807.153
Philippines,1997,947.273
Philippines,1998,289.983
Philippines,1999,155.540
Philippines,2000,468.596
Philippines,2001,131.034
Philippines,2002,149.537
Philippines,2003,194.602
Philippines,2004,146.921
Philippines,2005,114.704
Philippines,2006,168.877
Philippines,2007,114.770
Philippines,2008,119.630
Philippines,2009,155.383
Philippines,2010,163.601
Philippines,2011,541.301
Philippines,2012,153.826
Philippines,2013,196.560
Rwanda,1973,0.871
Rwanda,1974,1.294
Rwanda,1979,2.590
Rwanda,1980,11.417
Rwanda,1981,12.624
Rwanda,1982,17.628
Rwanda,1983,15.940
Rwanda,1984,26.440
Rwanda,1985,34.698
Rwanda,1986,17.633
Rwanda,1987,25.205
Rwanda,1988,16.690
Rwanda,1989,13.412
Rwanda,1990,18.323
Rwanda,1991,59.894
Rwanda,1992,29.335
Rwanda,1993,5.217
Rwanda,1994,13.692
Rwanda,1995,13.412
Rwanda,1996,5.504
Rwanda,1997,27.754
Rwanda,1998,19.208
Rwanda,1999,58.690
Rwanda,2000,36.623
Rwanda,2001,36.577
Rwanda,2002,55.978
Rwanda,2003,54.881
Rwanda,2004,68.093
Rwanda,2005,93.965
Rwanda,2006,109.046
Rwanda,2007,132.478
Rwanda,2008,181.218
Rwanda,2009,172.336
Rwanda,2010,222.722
Rwanda,2011,165.362
Rwanda,2012,188.586
Rwanda,2013,158.024
Senegal,1973,6.274
Senegal,1974,28.465
Senegal,1979,13.988
Senegal,1980,67.571
Senegal,1981,57.772
Senegal,1982,65.666
Senegal,1983,61.022
Senegal,1984,95.527
Senegal,1985,81.857
Senegal,1986,92.086
Senegal,1987,74.929
Senegal,1988,62.890
Senegal,1989,81.808
Senegal,1990,64.404
Senegal,1991,34.829
Senegal,1992,46.657
Senegal,1993,29.650
Senegal,1994,43.895
Senegal,1995,24.383
Senegal,1996,21.118
Senegal,1997,24.158
Senegal,1998,18.493
Senegal,1999,40.440
Senegal,2000,51.250
Senegal,2001,33.464
Senegal,2002,44.513
Senegal,2003,55.323
Senegal,2004,53.089
Senegal,2005,52.288
Senegal,2006,58.562
Senegal,2007,62.501
Senegal,2008,97.382
Senegal,2009,107.056
Senegal,2010,641.556
Senegal,2011,120.317
Senegal,2012,130.053
Senegal,2013,106.728
Sierra Leone,1973,3.702
Sierra Leone,1974,4.455
Sierra Leone,1975,0.024
Sierra Leone,1977,3.904
Sierra Leone,1978,3.704
Sierra Leone,1979,5.854
Sierra Leone,1980,71.606
Sierra Leone,1981,16.972
Sierra Leone,1982,52.490
Sierra Leone,1983,11.847
Sierra Leone,1984,13.523
Sierra Leone,1985,7.511
Sierra Leone,1986,16.264
Sierra Leone,1987,31.506
Sierra Leone,1988,17.853
Sierra Leone,1989,8.202
Sierra Leone,1990,18.841
Sierra Leone,1991,3.730
Sierra Leone,1992,41.328
Sierra Leone,1993,0.725
Sierra Leone,1994,0.664
Sierra Leone,1995,0.627
Sierra Leone,1998,0.080
Sierra Leone,1999,20.566
Sierra Leone,2000,38.001
Sierra Leone,2001,51.034
Sierra Leone,2002,85.436
Sierra Leone,2003,76.991
Sierra Leone,2004,41.669
Sierra Leone,2005,30.497
Sierra Leone,2006,23.714
Sierra Leone,2007,21.742
Sierra Leone,2008,12.136
Sierra Leone,2009,17.834
Sierra Leone,2010,38.013
Sierra Leone,2011,20.147
Sierra Leone,2012,19.388
Sierra Leone,2013,13.809
Somalia,1974,0.037
Somalia,1975,0.037
Somalia,1976,0.032
Somalia,1977,0.030
Somalia,1978,19.669
Somalia,1979,35.929
Somalia,1980,127.293
Somalia,1981,102.798
Somalia,1982,111.228
Somalia,1983,244.991
Somalia,1984,132.123
Somalia,1985,147.566
Somalia,1986,116.922
Somalia,1987,87.918
Somalia,1988,25.997
Somalia,1989,33.020
Somalia,1990,3.015
Somalia,1993,11.593
Somalia,1994,22.624
Somalia,1995,6.978
Somalia,1996,5.116
Somalia,1997,6.261
Somalia,1998,5.939
Somalia,1999,16.442
Somalia,2000,27.088
Somalia,2001,30.062
Somalia,2002,41.662
Somalia,2003,37.767
Somalia,2004,35.274
Somalia,2005,47.090
Somalia,2006,114.279
Somalia,2007,90.864
Somalia,2008,318.189
Somalia,2009,182.474
Somalia,2010,65.226
Somalia,2011,226.886
Somalia,2012,235.477
Somalia,2013,166.712
Sri Lanka,1973,25.594
Sri Lanka,1974,13.161
Sri Lanka,1975,109.770
Sri Lanka,1976,224.778
Sri Lanka,1977,81.375
Sri Lanka,1978,169.309
Sri Lanka,1979,89.991
Sri Lanka,1980,137.652
Sri Lanka,1981,153.821
Sri Lanka,1982,240.603
Sri Lanka,1983,215.383
Sri Lanka,1984,189.024
Sri Lanka,1985,119.905
Sri Lanka,1986,90.592
Sri Lanka,1987,87.508
Sri Lanka,1988,96.998
Sri Lanka,1989,121.026
Sri Lanka,1990,66.620
Sri Lanka,1991,49.932
Sri Lanka,1992,60.385
Sri Lanka,1993,37.264
Sri Lanka,1994,44.310
Sri Lanka,1995,65.613
Sri Lanka,1996,15.969
Sri Lanka,1997,18.876
Sri Lanka,1998,20.824
Sri Lanka,1999,19.781
Sri Lanka,2000,11.435
Sri Lanka,2001,26.408
Sri Lanka,2002,26.424
Sri Lanka,2003,29.392
Sri Lanka,2004,38.346
Sri Lanka,2005,188.481
Sri Lanka,2006,46.203
Sri Lanka,2007,50.074
Sri Lanka,2008,74.355
Sri Lanka,2009,77.224
Sri Lanka,2010,108.637
Sri Lanka,2011,60.375
Sri Lanka,2012,28.141
Sri Lanka,2013,43.145
Tanzania,1973,16.771
Tanzania,1974,9.723
Tanzania,1975,66.328
Tanzania,1976,26.512
Tanzania,1977,22.821
Tanzania,1978,17.341
Tanzania,1979,3.678
Tanzania,1980,56.111
Tanzania,1981,80.640
Tanzania,1982,36.100
Tanzania,1983,13.461
Tanzania,1984,93.696
Tanzania,1985,0.423
Tanzania,1986,4.215
Tanzania,1987,35.252
Tanzania,1988,22.980
Tanzania,1989,9.360
Tanzania,1990,9.703
Tanzania,1991,56.065
Tanzania,1992,60.025
Tanzania,1993,40.643
Tanzania,1994,49.228
Tanzania,1995,46.799
Tanzania,1996,28.314
Tanzania,1997,13.268
Tanzania,1998,28.886
Tanzania,1999,85.554
Tanzania,2000,42.903
Tanzania,2001,48.289
Tanzania,2002,98.283
Tanzania,2003,91.333
Tanzania,2004,115.143
Tanzania,2005,144.504
Tanzania,2006,193.357
Tanzania,2007,261.912
Tanzania,2008,1094.701
Tanzania,2009,395.661
Tanzania,2010,502.813
Tanzania,2011,530.848
Tanzania,2012,419.037
Tanzania,2013,568.233
Thailand,1973,28.227
Thailand,1974,0.510
Thailand,1975,8.873
Thailand,1976,13.192
Thailand,1977,23.242
Thailand,1978,16.106
Thailand,1979,21.060
Thailand,1980,116.833
Thailand,1981,305.289
Thailand,1982,136.081
Thailand,1983,59.227
Thailand,1984,175.557
Thailand,1985,103.682
Thailand,1986,115.459
Thailand,1987,257.558
Thailand,1988,50.681
Thailand,1989,96.118
Thailand,1990,72.464
Thailand,1991,309.560
Thailand,1992,322.686
Thailand,1993,1030.907
Thailand,1994,450.588
Thailand,1995,37.538
Thailand,1996,247.758
Thailand,1997,79.407
Thailand,1998,246.213
Thailand,1999,9.817
Thailand,2000,664.788
Thailand,2001,286.043
Thailand,2002,577.008
Thailand,2003,34.487
Thailand,2004,22.648
Thailand,2005,44.855
Thailand,2006,48.869
Thailand,2007,61.340
Thailand,2008,56.581
Thailand,2009,69.803
Thailand,2010,80.791
Thailand,2011,63.390
Thailand,2012,70.509
Thailand,2013,79.890
Tunisia,1973,55.184
Tunisia,1974,25.508
Tunisia,1976,7.411
Tunisia,1977,39.517
Tunisia,1978,51.797
Tunisia,1979,48.596
Tunisia,1980,107.609
Tunisia,1981,179.027
Tunisia,1982,356.086
Tunisia,1983,226.463
Tunisia,1984,220.528
Tunisia,1985,159.572
Tunisia,1986,68.667
Tunisia,1987,79.135
Tunisia,1988,110.380
Tunisia,1989,69.469
Tunisia,1990,91.355
Tunisia,1991,20.308
Tunisia,1992,116.103
Tunisia,1993,192.731
Tunisia,1994,75.360
Tunisia,1995,33.952
Tunisia,1996,55.602
Tunisia,1999,211.683
Tunisia,2000,39.399
Tunisia,2001,0.021
Tunisia,2002,0.170
Tunisia,2003,0.040
Tunisia,2004,0.531
Tunisia,2005,0.171
Tunisia,2006,0.276
Tunisia,2007,0.539
Tunisia,2008,0.745
Tunisia,2009,1.990
Tunisia,2010,0.810
Tunisia,2011,16.053
Tunisia,2012,124.028
Tunisia,2013,75.697
Turkey,1973,81.261
Turkey,1974,14.488
Turkey,1975,0.669
Turkey,1976,0.671
Turkey,1977,0.841
Turkey,1978,0.814
Turkey,1979,156.176
Turkey,1980,779.292
Turkey,1981,537.994
Turkey,1982,523.587
Turkey,1983,737.397
Turkey,1984,724.805
Turkey,1985,294.480
Turkey,1986,795.538
Turkey,1987,455.632
Turkey,1988,469.215
Turkey,1989,204.106
Turkey,1990,213.928
Turkey,1991,425.823
Turkey,1992,246.878
Turkey,1993,384.237
Turkey,1994,146.245
Turkey,1995,1058.029
Turkey,1996,297.557
Turkey,1997,448.593
Turkey,1998,476.488
Turkey,1999,1175.615
Turkey,2000,1868.722
Turkey,2001,91.356
Turkey,2002,529.552
Turkey,2003,1214.112
Turkey,2004,12.109
Turkey,2005,21.678
Turkey,2006,6.277
Turkey,2007,12.447
Turkey,2008,11.757
Turkey,2009,43.546
Turkey,2010,18.218
Turkey,2011,17.427
Turkey,2012,19.643
Turkey,2013,74.797
Uganda,1973,0.081
Uganda,1980,11.110
Uganda,1981,14.499
Uganda,1982,15.157
Uganda,1983,14.858
Uganda,1984,17.070
Uganda,1985,14.617
Uganda,1986,24.125
Uganda,1987,21.967
Uganda,1988,47.856
Uganda,1989,33.332
Uganda,1990,87.970
Uganda,1991,72.585
Uganda,1992,61.860
Uganda,1993,55.286
Uganda,1994,48.062
Uganda,1995,61.533
Uganda,1996,45.550
Uganda,1997,50.997
Uganda,1998,53.679
Uganda,1999,93.506
Uganda,2000,80.789
Uganda,2001,88.648
Uganda,2002,137.208
Uganda,2003,210.838
Uganda,2004,253.692
Uganda,2005,288.774
Uganda,2006,302.764
Uganda,2007,408.224
Uganda,2008,469.009
Uganda,2009,482.995
Uganda,2010,453.468
Uganda,2011,422.446
Uganda,2012,347.979
Uganda,2013,524.712
Viet Nam,1975,130.036
Viet Nam,1976,1.885
Viet Nam,1977,1.201
Viet Nam,1978,1.150
Viet Nam,1979,1.088
Viet Nam,1980,1.021
Viet Nam,1981,0.933
Viet Nam,1982,0.900
Viet Nam,1983,0.886
Viet Nam,1984,0.872
Viet Nam,1985,1.289
Viet Nam,1986,1.297
Viet Nam,1987,1.278
Viet Nam,1988,1.303
Viet Nam,1989,1.288
Viet Nam,1990,1.272
Viet Nam,1991,1.243
Viet Nam,1992,2.200
Viet Nam,1993,1.275
Viet Nam,1994,34.159
Viet Nam,1997,175.719
Viet Nam,1999,15.401
Viet Nam,2000,20.967
Viet Nam,2001,30.775
Viet Nam,2002,42.005
Viet Nam,2003,48.812
Viet Nam,2004,46.324
Viet Nam,2005,45.705
Viet Nam,2006,53.690
Viet Nam,2007,75.933
Viet Nam,2008,89.322
Viet Nam,2009,113.506
Viet Nam,2010,109.773
Viet Nam,2011,98.636
Viet Nam,2012,105.671
Viet Nam,2013,111.253
Yemen,1973,4.428
Yemen,1974,11.090
Yemen,1975,4.560
Yemen,1980,70.548
Yemen,1981,43.580
Yemen,1982,252.200
Yemen,1983,55.264
Yemen,1984,57.644
Yemen,1985,127.117
Yemen,1986,60.427
Yemen,1987,155.658
Yemen,1988,63.445
Yemen,1989,55.768
Yemen,1990,66.102
Yemen,1991,112.510
Yemen,1992,6.636
Yemen,1993,20.288
Yemen,1994,4.258
Yemen,1995,9.724
Yemen,1997,6.837
Yemen,1998,2.148
Yemen,1999,59.052
Yemen,2000,104.541
Yemen,2001,55.455
Yemen,2002,59.083
Yemen,2003,35.976
Yemen,2004,67.687
Yemen,2005,17.059
Yemen,2006,39.725
Yemen,2007,25.640
Yemen,2008,31.929
Yemen,2009,175.181
Yemen,2010,125.736
Yemen,2011,78.526
Yemen,2012,232.461
Yemen,2013,221.211
Zambia,1973,20.323
Zambia,1974,0.259
Zambia,1976,86.244
Zambia,1978,108.028
Zambia,1979,113.564
Zambia,1980,254.752
Zambia,1981,169.890
Zambia,1982,60.532
Zambia,1983,54.951
Zambia,1984,78.218
Zambia,1985,92.582
Zambia,1986,52.592
Zambia,1987,63.070
Zambia,1988,45.368
Zambia,1989,40.000
Zambia,1990,7.630
Zambia,1991,33.360
Zambia,1992,65.477
Zambia,1993,26.446
Zambia,1994,26.753
Zambia,1995,27.514
Zambia,1996,13.151
Zambia,1997,38.349
Zambia,1998,24.937
Zambia,1999,92.967
Zambia,2000,60.535
Zambia,2001,51.661
Zambia,2002,90.013
Zambia,2003,88.293
Zambia,2004,121.664
Zambia,2005,211.428
Zambia,2006,414.073
Zambia,2007,220.585
Zambia,2008,276.565
Zambia,2009,297.132
Zambia,2010,329.596
Zambia,2011,335.417
Zambia,2012,193.013
Zambia,2013,624.928
Zimbabwe,1980,52.228
Zimbabwe,1981,125.026
Zimbabwe,1982,174.416
Zimbabwe,1983,125.889
Zimbabwe,1984,91.477
Zimbabwe,1985,66.422
Zimbabwe,1986,116.749
Zimbabwe,1987,0.070
Zimbabwe,1988,12.590
Zimbabwe,1989,228.376
Zimbabwe,1990,7.850
Zimbabwe,1991,15.974
Zimbabwe,1992,131.434
Zimbabwe,1993,26.330
Zimbabwe,1994,28.026
Zimbabwe,1995,24.546
Zimbabwe,1996,19.592
Zimbabwe,1997,44.129
Zimbabwe,1998,24.107
Zimbabwe,1999,41.395
Zimbabwe,2000,72.324
Zimbabwe,2001,29.342
Zimbabwe,2002,72.792
Zimbabwe,2003,44.491
Zimbabwe,2004,28.093
Zimbabwe,2005,54.464
Zimbabwe,2006,29.591
Zimbabwe,2007,156.548
Zimbabwe,2008,244.665
Zimbabwe,2009,296.568
Zimbabwe,2010,218.732
Zimbabwe,2011,186.040
Zimbabwe,2012,169.307
Zimbabwe,2013,151.330
